{
	"name": "StickyTableHeaders",
	"title": "Sticky Table Headers",
	"description": "jQuery plugin that makes large tables more usable by having the table header stick to the top of the screen when scrolling.",
	"keywords": [
		"table",
		"sticky",
		"fixed",
		"scroll"
	],
	"version": "0.1.11",
	"author": {
		"name": "Jonas Mosbech",
		"url": "https://twitter.com/jmosbech/"
	},
	"licenses": [
		{
			"type": "MIT",
			"url": "https://github.com/jmosbech/StickyTableHeaders/blob/master/license.txt"
		}
	],
	"homepage": "https://github.com/jmosbech/StickyTableHeaders",
	"dependencies": {
		"jquery": ">=1.9"
	}
}