{
  "name": "responsiveimg",
  "title": "Responsive Img",
  "description": "Make your existing images responsive without creating new images.",
  "keywords": [
    "responsive",
    "image",
    "images",
    "retina"
  ],
  "version": "1.5.0",
  "author": {
    "name": "Drew Thomas",
    "url": "http://drewtotango.com"
  },
  "licenses": [
    {
      "type": "MIT",
      "url": "https://github.com/jquery/jquery/blob/master/MIT-LICENSE.txt"
    },
    {
     "type": "GPLv3",
       "url": "http://www.gnu.org/licenses/gpl.txt"
    }
  ],
  "homepage": "http://responsiveimg.com",
  "dependencies": {
    "jquery": ">=1.7"
  }
}